"Attribution_URI","Description","Object_URI","Title","Dated","Dimensions","Culture_URI","Culture","Type_URI","Object Name","Medium_URI","Medium","Attribution_Appellation_URI","Attribution"
"E21_Person---dev#classLink","E22_Man-Made_Object---P3_has_note","E22_Man-Made_Object---dev#classLink","E35_Title---rdf-schema#label","E52_Time-Span---P82_at_some_time_within","E54_Dimension---P3_has_note","E55_Type---dev#classLink","E55_Type---rdf-schema#label","E55_Type---dev#classLink","E55_Type---rdf-schema#label","E55_Type---dev#classLink","E55_Type---rdf-schema#label","E82_Actor_Appellation---dev#classLink","E82_Actor_Appellation---rdf-schema#label"
"","The object is a buff colored polychrome olla with four decorated areas, featuring two motifs which alternate, symmetrically, around the olla’s circumference","","","late 19th-early 20th Century","Height: 8” Diameter of shoulders: 14” Diameter of lip: 6”","","Hopi Tewa","","Olla","","clay, slip","","Nampeyo"
"","vessel - Clay - Mexico","","","0","","","","","Vessel","","Clay","",""
"","This is a ceramic, seated human figure.","","Seated Human Figure","","","","","","Figure","","Ceramic","",""
"","burner - ceramic","","","700-700","","","","","Burner","","Ceramic","",""
"","This item is a gold plaque with a design of two tigers.","","Plaque With Design of Two Tigers","","","","","","Plaque","","Gold","",""
"","pipe bowl - Stone","","","0","","","","","Pipe Bowl","","Stone","",""
"","basket - coiled | Willow | devil's claw - Pima","","","1900-1900","Overall: 4 1/2 in. (11.4 cm)","","","","Basket","","Coiled/Willow/Devil'S Claw","",""
"","This is a painted buffalo hide with fur.  On the hide, there are pictograph drawings depicting varied events, which include:  Sun Dance, buffalo hunt, ceremonial dance, women with baby cradles, parfleche, travais, dog with travais, courting, tipis, two wh","","Painted Hide","","","","(Sioux) Plains","","Hide","","Painted Hide","",""
"","","","","","","","","","","","","",""
"","This is an Extract or Collection of 3 of the Isles Newly Found in the Great Sea in the time of the King of Spain Ferdinand and Elizabeth, his wife.  (1 on Cuba, 1 on Atlantic, and 1 on Cortes)  Author is Pierre Martyr de Millan.","","Isles Newly Found in the Great Sea in the Time of the King of Spain Ferdinand and Elizabeth, his wife.","1532","","","","","Book","","","",""
"","This is a book about Champlain's voyages to Western New France (called Canada) from 1603 to 1629.  The publisher is Louis SEVESTRE, Paris - Church No. 420; Sabin No. 11839.","","The Voyages to Western New France, called Canada, Made by Le Sr. De Champlain, Captain for the King in the Navy of Ponant, and all the Discoveries He Made from 1603 to 1629.","1632","","","","","Book","","","",""
"","This is a book of the account of what happened at the Mission of the Fathers of the Company of Jesus in the Hurons, a country of New France, between the years 1648 and 1649.  The author is Fr. Paul Ragueneau.  It also includes a report sent to the Rev. Fr","","Account of What Happened at the Mission of the Fathers of the Company of Jesus in the Hurons, a Country of New France, Between the Years of 1648 and 1649.","1650","","","","","Book","","","",""
"","","","","","","","","","","","","",""
"","This is an announcement of the 1883 expedition into Oklahoma.  It is very rare.  (Payne, D.L. - Oklahoma Colony)","","Announcement of the 1883 Expedition into Oklahoma","1883","","","","","Announcement","","","",""
"","This is a telegram written by George A. Custer to Lawrence Bonnett; it is written on a Western Union form.  It says, ""We start to meet Sitting Bull tomorrow will reach Lincoln Monday""","","George Custer Telegram","Mar. 4, 1876","","","","","Telegram","","Paper","",""
"","","","","","","","","","","","","",""
"","manuscript - Articles of Confederation 1777 - paper Paper","","Articles of Confederation 1777","1777","","","","","Manuscript","","","",""
"","manuscript - Paul Revere Certification 1775 - paper Paper","","Paul Revere Certification 1775","1775","","","","","Manuscript","","","",""
"","manuscript - Declaration of Independence 1777 - paper Paper","","Declaration of Independence 1777","1777","","","","","Manuscript","","","",""
"","This is a petition to John J. Floyd (Judge, Georgia Supreme Court) from Thomas Jones on behalf of Sarah Harris and writ of Habeas corpus.","","Petition to John J. Floyd from Thomas Jones","June 13, 1863","","","","","","","Paper","",""
"","Hand-bound document written in French, entitled “Relation du Voyage en l’annee 1645 au Nom du Roy au Pays des Algoumequins Dans la Novelle France ou Canada, et de la maniere de vivre des sauvages” (Narrative of the Voyage made in year 1645 in Name of King","","Algonquin Manuscript - 1645","1645","","","","","Book","","","",""
"","","","","","","","","","","","","",""
"","Paper Columbus, Diego","","Letter to Archbishop Cisneros 1512","","","","","","Manuscript","","","",""
"","manuscript - cortez - Cortez Decree 1521 cortez","","Cortez Decree 1521","1521","","","","","Manuscript","","","",""
"","This is a letter from Diego Columbus to Charles V, in which Diego outlines his future plans for colonization of the Spanish Indies.  He also voices his support of the crusade of the Spanish Friar, las Casas, who was at that time in Spain, campaigning for","","Letter to King Charles V","1519","","","","","Manuscript","","Paper","",""
"","This is a letter from Benjamin Franklin and Silas Deane, ""Commissioners Plenipotentiary for the U.S. of No. America,"" to Baron de Schulenburg.","","Letter from Benjamin Franklin and Silas Deane to Baron de Schulenburg","Feb 14, 1777","","","","","Letter","","Paper","",""
"","The Cherokee Advocate newspaper from Feb. 26, 1898.","","The Cherokee Advocate","Feb. 26, 1898","","","","","Newspaper","","Paper","",""
"","Sepia-colored photograph of Sooners passing through Cherokee outlet waiting to cross swollen Salt Fork River railroad bridge seen at right.","","Sooners passing through Cherokee Outlet","","Print Size: 6.75"" x 9.25""","","","","Print, Photographic","","","","William S. Prettyman"
"","This is a photo postcard, printed in color with a reproduction of a Charley Russell watercolor of a saloon scene with three men lounging at a bar while another fires at the feet of still another.  Words at the bottom read, ""Dance! you short-horn dance!""","","Photo Postcard","","","","","","Postcard","","Paper","",""
"","book - unknown - Ft. Reno ledgerbook - drawings Drawings unknown","","Ft. Reno ledgerbook","","","","","","Book","","","",""
"","sketch book - Codex Canadiensis - paper Paper","","Codex Canadiensis","","","","","","Sketch Book","","","",""
"","This is a Confederate Treaty (Albert Pike, Commissioner for Confederate States) signed by representatives of the Choctaw and Chickasaw Nations.","","Confederate Treaty","July 12, 1861","","","","","Treaty","","Paper","",""
"","Confederate 20 Dollar Bill","","Confederate 20 Dollar Bill","Sept. 2, 1861","","","","","Money","","Paper","",""
"","This is a discharge paper for Sidney S. Dailey from military service.","","Discharge Paper for Sidney S. Dailey","Aug. 1865","","","","","Discharge Paper","","Paper","",""
"","Doctrina Cristiana (Christian doctrine) is one of the first books printed in the America’s.  The Doctrina Cristiana was a text used by a bishop and other church officials to spread Christian theology to the native peoples.  Bishop Juan de Zumarraga is lis","","Doctrina Cristiana","1543","","","","","Book","","Paper","",""
"","Conquistador Diego de Trujillo’s (Truxillo) eyewitness account of the conquest of the Inca’s in Peru by Spain in the year 1532.  Trujillo describes the climate, food, and the native peoples.","","Diego Truxillo Account of the Conquest of Peru","1532","","","","","Diego Truxillo Account","","Paper","",""
"","Oil on canvas by Georgia O'Keeffe.  Descriptive title ""Antelope Head with Perdenal.""","","Antelope Head with Perdenal","","32 1/2 x 36 1/4 x 3 1/2 in. (82.6 x 92.1 x 8.9 cm)","","","","Painting","","Oil on Canvas","","Georgia O'Keefe"
"","Zalce, Alfredo ""Mercado de Flores"" oil on canvas","","Mercado de Flores","1996","","","","","Painting","","Oil on Canvas","","Alfredo Zalce"
"","Outdoor bronze sculpture of an eagle with outstretched wings by Sandy Scott.","","Above It All","1998","","","","","Bronze Sculpture","","Bronze","","Sandy Scott"
"","","","Large Heron Pair","","","","","","Bronze","","Bronze","",""
"","","","Plains Grizzly (Black Bear)","","","","","","Bronze","","Bronze","","Jim Agius"
"","Bronze sculpture by Forest Hart, entitled ""Twins.""  Sculpture of a whitetail doe listening intently as her two small fawns explore about her legs.","","Twins","1996","","","","","Bronze Sculpture","","Bronze","","Forest Hart"
"","","","The Strength of the Maker","","","","","","Bronze","","Bronze","",""
"","","","Frontier Woman","","","","","","Bronze","","Bronze","","Jay Philip O'Meilia"
"","Bronze bust of Columbian President Sim=n Bolfvar (1783-1830) by Silvestre Chac=n.  Bolivar was known as ""El Liberator"" by the people of South America, where he helped to liberate Venezuela, Columbia, Ecuador and Bolivia, the latter of which he is the name","","Simon Bolivar","","","","","","Bronze Sculpture","","Bronze","","Silvestre Chacon"
"","Keith, William - Sierra Nevada Mountains - oil on canvas.","","Sierra Nevada Mountains","1876","Overall: 40 x 71 3/4 x 3 1/4 in. (101.6 x 182.2 x 8.3 cm)","","","","Oil Painting","","Oil on Canvas","","William Keith"
"","Miller, Alfred Jacob - Fort Laramie - oil on canvas.","","Fort Laramie","1851","Overall: 24 1/8 x 33 x 3 1/2 in. (61.3 x 83.8 x 8.9 cm)","","","","Oil Painting","","Oil on canvas","","Alfred Jacob Miller"
"","Miller, Alfred Jacob - Snake and Sioux Indians on Warpath - oil | canvas","","Snake and Sioux Indians on Warpath","1856-1856","Overall: 33 1/2 x 40 1/2 x 2 in. (85.1 x 102.9 x 5.1 cm)","","","","Oil Painting","","Oil on canvas","","Alfred Jacob Miller"
"","""James Madison"" by Charles Willson Peale, oil on canvas.  Maker's Mark/Inscription: On verso, ""Jas. Madison, P.U.S., C.W. Peale, pinx."" Inscribed in C.W. Peale's hand in u.l. corner beyond the oval, ""58.""  Portrait image of Madison's head and shoulders, w","","James Madison","","Overall: 36 1/4 x 31 1/2 x 3 in. (92.1 x 80 x 7.6 cm)","","","","Oil Painting","","Oil on Canvas","","Charles Willson Peale"
"","Jarvis, John Wesley - Black Hawk and His Son Whirling Thunder - oil on canvas.0,13495,0126.1179,126  1179,Art,Art- Painting,,,Albert Bierstadt,Bierstadt","","Black Hawk and His Son Whirling Thunder","1833","Overall: 29 5/8 x 4 1/8 x 36 in. (75.2 x 10.5 x 91.4 cm)","","","","Oil Painting","","Oil on Canvas","","John Wesley Jarvis"
"","Brush, George de Forrest - Mourning Her Brave - oil on panel.  Image of an American Indian woman standing on a snowy cliff, barefoot.  Above her lies the wrapped body of her deceased mate, and birds fly in the hazy gray sky.","","Mourning Her Brave","1883","Overall: 45 3/8 x 35 3/8 x 3 3/4 in. (115.3 x 89.9 x 9.5 cm)","","","","Oil Painting","","Oil on Panel","","George de Forrest Brush"
"","King, Charles Bird - David Vann - oil | wood panel","","David Vann","","Overall: 23 1/2 x 20 x 2 1/4 in. (59.7 x 50.8 x 5.7 cm)","","","","Oil Painting","","Oil on wood panel","","Charles Bird King"
"","Ranney, William Tylee - Boone's First View of Kentucky - oil | canvas","","Boone's First View of Kentucky","1849","Overall: 41 3/4 x 59 5/8 x 3 in. (106 x 151.4 x 7.6 cm)","","","","Oil Painting","","Oil on Canvas","","William Tylee Ranney"
"","Inness, George - Windy Day / A - oil","","A Windy Day","1883-1883","Overall: 19 1/4 x 29 1/2 x 3 5/8 in. (48.9 x 74.9 x 9.2 cm)","","","","Oil Painting","","Oil","","George Inness"
"","""Watching the Breakers"" by Winslow Homer, oil on canvas.  Image of two women in 1890's period clothing standing on a rocky shoreline while white waves crash by and around them.  The woman on the left carries a basket, the woman on the right holds a red bl","","Watching the Breakers","1891","37 x 47 x 3 1/2 in. (94 x 119.4 x 8.9 cm)","","","","Oil Painting","","Oil on Canvas","","Winslow Homer"
"","Bierstadt, Albert - Sierra Nevada Morning - oil on canvas.","","Sierra Nevada Morning","1870","Overall: 71 x 101 x 4 in. (180.3 x 256.5 x 10.2 cm)","","","","Oil Painting","","Oil on Canvas","","Albert Bierstadt"
"","""Frank Hamilton Cushing"" by Thomas Eakins, oil on canvas.  Image of Cushing in American Indian clothing with associated implements on wall behind him.","","Frank Hamilton Cushing","1895","Overall: 90 x 60 in. (228.6 x 152.4 cm)","","","","Oil Painting","","Oil on Canvas","","Thomas Eakins"
"","Audubon, John James - The Wild Turkey - oil | canvas","","The Wild Turkey","1845","Overall: 53 1/4 x 40 1/2 x 4 in. (135.3 x 102.9 x 10.2 cm)","","","","Oil Painting","","Oil on Canvas","","John James Audubon"
"","Moran, Thomas - Shoshone Falls on the Snake River - oil | canvas","","Shoshone Falls on the Snake River","1900","Overall: 71 x 144 1/2 x 4 3/4 in. (180.3 x 367 x 12.1 cm)","","American, born England","","Oil Painting","","Oil on Canvas","","Thomas Moran"
"","Johnson, Frank Tenney - California or Oregon - oil on canvas.  Image of a man sitting atop a wagon pulled by two horses.  The man is facing the left of the image.  Standing near the wagon is a dog looking to the right.  In the background are hills and a r","","California or Oregon","1926","Overall: 36 3/8 x 2 5/8 x 46 1/2 in. (92.4 x 6.7 x 118.1 cm)","","","","Oil Painting","","Oil on Canvas","","Frank Tenney Johnson"
"","Farny, Henry F. - Sorcerer / The - oil on canvas.","","The Sorcerer","1903","Overall: 32 1/8 x 50 1/8 x 4 1/4 in. (81.6 x 127.3 x 10.8 cm)","","","","Oil Painting","","Oil on Canvas","","Henry F. Farny"
"","Schreyvogel, Charles C. - Breaking through the Line - oil | canvas","","Breaking through the Line","","Overall: 49 x 43 in. (124.5 x 109.2 cm)","","","","Oil Painting","","Oil on Canvas","","Charles C. Schreyvogel"
"","""Crucified Land"" by Alexandre Hogue, oil on canvas.  Image of a skeletal eroded field bisected by a dry creek bed in the center foreground.  The worn tattered garments of a former scarecrow hang from a tilted cross in the upper left image quadrant.  In th","","Crucified Land","1939","47 3/8 x 65 1/2 x 1 3/4 in. (120.3 x 166.4 x 4.4 cm)","","","","Oil Painting","","Oil on Canvas","","# Hogue, Alexandre"
"","Leigh, William Robinson - A Close Call (1914) - oil on canvas.","","A Close Call","1914","Image 40 1/2"" x 60 1/2""","","","","Oil Painting","","Oil on Canvas","","William Robinson Leigh"
"","Remington, Frederic - An Episode of the Buffalo Hunt - oil on canvas.","","An Episode of the Buffalo Hunt","1908","Overall: 29 1/4 x 26 1/4 x 3 1/2 in. (74.3 x 66.7 x 8.9 cm)","","","","Oil Painting","","Oil on Canvas","","Frederic Remington"
"","Remington, Frederic - The Stampede - oil on canvas.  Image of an African American cowboy on horseback with stampeding cows in the background.  Rain is pouring and lightning flashes in the dark sky above.","","The Stampede","1908","Overall: 26 1/2 x 39 5/8 x 3 1/4 in. (67.3 x 100.6 x 8.3 cm)","","","","Oil Painting","","Oil on Canvas","","Frederic Remington"
"","""Portrait of an Italian Lady"" by Mary Cassatt, subtitled ""Madame Marie Del Sarte."" Oil on canvas.  Image of a seated woman in a black dress with white collar.  She is turned 3/4 to the viewer's left.  The work is unfinished.","","Portrait of an Italian Lady","1879","43 1/2 x 34 x 2 3/4 in. (110.5 x 86.4 x 7 cm)","","","","Oil Painting","","Oil on Canvas","","Mary Cassatt"
"","Sharp, Joseph Henry - Morning in Aspen Forest - Near Taos, Hondo Ca±on - oil | canvas Maker's Mark/Inscription: Morning in Aspen Forest-Near Taos, Hondo Ca±on,1939-1940.  Near end of trail to Twining , old mining town. J.H. Sharp, in pencil on dust cover","","Morning in Aspen Forest - Near Taos, Hondo Ca±on","1939-1939","Overall: 29 3/8 x 35 5/8 x 2 3/8 in. (74.6 x 90.5 x 6 cm)","","","","Oil Painting","","Oil on Canvas","","Joseph Henry Sharp"
"","Sharp, Joseph Henry - Studio Visitors - oil on canvas.  Maker's Mark/Inscription: On a piece of cardboard, nailed to the frame: -Apaches- (Studion Visitors) Apaches, Utes, Pueblos from along the Rio Grande, others from Oklahoma and the north came to Taos","","Studio Visitors","1910-1910","Overall: 29 3/4 x 34 3/4 x 2 1/8 in. (75.6 x 88.3 x 5.4 cm)","","","","Oil Painting","","Oil on Canvas","","Joseph Henry Sharp"
"","Berninghaus, Oscar Edmund - Too Old For the Rabbit Hunt - oil | canvas","","Too Old For the Rabbit Hunt","1927-1927","Overall: 34 1/2 x 39 5/8 x 2 1/2 in. (87.6 x 100.6 x 6.4 cm)","","","","Oil Painting","","Oil on Canvas","","Oscar Edmund Berninghaus"
"","Blumenschein, Ernest Leonard - Superstition - oil on canvas.  Image of a seated Native American man holding a dual-spouted vessel.  The wall behind the man is colorfully painted and hung with a ceremonial mask to the viewer's left and a crucifix to the vi","","Superstition","","50 1/4 x 49 x 2 1/8 in. (127.6 x 124.5 x 5.4 cm)","","","","Oil Painting","","Oil on Canvas","","Ernest Leonard Blumenschein"
"","Hennings, Ernest Martin - In Mountain Foothills - oil | canvas","","In Mountain Foothills","","Overall: 35 1/2 x 41 1/2 x 2 1/8 in. (90.2 x 105.4 x 5.4 cm)","","","","Oil Painting","","Oil on Canvas","","Ernest Martin Hennings"
"","Henri, Robert - Gregorita, Indian of Santa Clara - oil","","Gregorita, Indian of Santa Clara","1917","39 7/8 x 34 x 3 1/8 in. (101.3 x 86.4 x 7.9 cm)","","","","Oil Painting","","Oil","","Robert Henri"
"","Berninghaus, Oscar Edmund - Chamiso Along the Roadside - oil","","Chamiso Along the Roadside","1947-1947","Overall: 24 1/2 x 29 1/2 x 3 3/8 in. (62.2 x 74.9 x 8.6 cm)","","","","Oil Painting","","Oil on Linen Canvas","","Oscar Edmund Berninghaus"
"","Blumenschein, Ernest Leonard - Ranchos Church with Indians - oil","","Ranchos Church with Indians","","Overall: 13 3/8 x 22 x 2 in. (34 x 55.9 x 5.1 cm)","","","","Oil Painting","","Oil","","Ernest Leonard Blumenschein"
"","Russell, Charles Marion - Meat's not Meat 'Till It's in the Pan - oil | canvas","","Meats not Meat 'Till It's in the Pan","1915-1915","Overall: 23 x 35 in. (58.4 x 88.9 cm)","","","","Oil Painting","","Oil on Canvas","","Charles Marion Russell"
"","Serrano, Juan - Mexicans Lassoing Bull - oil | canvas","","Mexicans Lassoing Bull","","Overall: 25 x 40 1/8 x 2 3/8 in. (63.5 x 101.9 x 6 cm)","","","","Oil Painting","","Oil on Canvas","","Juan Serrano"
"","Soriano, Juan - Nina Muerta (Dead Infant) - oil on board.","","Nina Muerta (Dead Infant)","1944","26 x 40 1/4 x 2 1/8 in. (66 x 102.2 x 5.4 cm)","","","","Oil Painting","","Oil on board","","Juan Soriano"
"","Romero, Carlos Orozco - Cautivos - oil on board.","","Cautivos","1940","15 3/8 x 13 x 2 1/2 in. (39.1 x 33 x 6.4 cm)","","","","Oil Painting","","Oil on Board","","Carlos Orozco Romero"
"","Rivera, Diego - Cabeza De Indio (Head of Indian) - oil on Masonite.","","Cabeza De Indio (Head of Indian)","1937","26 1/4 x 18 3/4 x 1 7/8 in. (66.7 x 47.6 x 4.8 cm)","","","","Oil Painting","","Oil on Masonite","","Diego Rivera"
"","Reynolds, Sir Joshua - Portrait of Syacust Ukah, 1762 - oil | canvas","","Portrait of Syacust Ukah, 1762","1762","Overall: 48 x 35 1/2 in. (121.9 x 90.2 cm)","","","","Oil Painting","","Oil on Canvas","","Joshua Reynolds"
"","Whistler, James Abbott McNeill - Nocturne, The Solent - oil on canvas.","","Nocture, The Solent","1866","Overall: 30 1/4 x 46 1/2 x 4 1/2 in. (76.8 x 118.1 x 11.4 cm)","","","","Oil Painting","","Oil on Canvas","","James Abbott McNeill Whistler"
"","Catlin, George - The Bear Dance (Sioux) - oil on canvas.","","The Bear Dance (Sioux)","1847","27 1/2 x 34 1/8 x 3 3/8 in. (69.9 x 86.7 x 8.6 cm)","","","","Oil Painting","","Oil on Canvas","","George Catlin"
"","Sargent, John Singer - Arrival of American Troops at the Front / The - oil | canvas","","The Arrival of American Troops at the Front","1918-1918","Overall: 18 x 28 in. (45.7 x 71.1 cm)","","","","Oil Painting","","Oil on Canvas","","John Singer Sargent"
"","Auchiah, James - Four Dance Figures - tempera | paper","","Four Dance Figures","1939","Overall: 11 3/4 x 21 3/4 in. (29.8 x 55.2 cm)","","Kiowa","","Tempera Painting","","Tempera on Paper","","James Auchiah"
"","Blue Eagle, Acee - Creek Chiefs - tempera","","Creek Chiefs","","Overall: 15 1/2 x 16 in. (39.4 x 40.6 cm)","","Creek-Pawnee","","Tempera Painting","","Tempera","","Acee Blue Eagle"
"","Crumbo, Woodrow Wilson - Burial Ceremony-Spirit Ascending - tempera | watercolor | paper","","Burial Ceremony-Spirit Assending","","Overall: 14 1/2 x 28 in. (36.8 x 71.1 cm)","","Creek-Potawatomi","","Watercolor and Tempera Painting","","Watercolor and Tempera on Paper","","Woodrow Wilson Crumbo"
"","Beaver, Fred - Seminole Making Sofkey - tempera.","","Seminole Making Sofkey","","Overall: 14 3/4 x 23 1/2 in. (37.5 x 59.7 cm)","","Creek","","Tempera Painting","","Tempera","","Fred Beaver"
"","Goodbear, Paul J. - Cheyenne War Dance - tempera","","Cheyenne War Dance","1939","Overall: 28 1/4 x 18 1/2 in. (71.8 x 47 cm)","","Northern Cheyenne","","Tempera Painting","","Tempera","","Paul J. Goodbear"
"","Houser, Allan - Sneaking Out - tempera","","Sneaking Out","","Overall: 18 x 23 1/4 in. (45.7 x 59.1 cm)","","Chiricahua Apache","","Tempera Painting","","Tempera","","Allan Houser"
"","Chase, Robert G. - The Market - watercolor.","","The Market","1958","Overall: 17 x 23 3/4 in. (43.2 x 60.3 cm)","","","","Watercolor Painting","","Watercolor","","Robert G. Chase"
"","Herrera, Velino Shije - Zuni Olla Girls / The - tempera","","The Zuni Olla Girls","","Overall: 28 x 38 in. (71.1 x 96.5 cm)","","Zia","","Tmepera Painting","","Tempera","","Velino Shije Herrera"
"","This is an illustrated letter by Olaf Seltzer.  The drawing depicts a train in the background that's steaming toward the foreground.  There are power lines pictured to the right side and five horses running across the train tracks, from right to left.","","Illustrated Letter, Early Western Travelogue (Opus 7) ""The Long Trail""","21-Jun-32","Image 10 1/2"" x 7"" Frame 11"" x 7 1/2""","","","","Illustrated Letter","","Pen and Ink Watercolor on Paper","","Olaf Carl Seltzer"
"","letter","","Friend Young Boy","","","","","","Watercolor and Ink Painting","","Ink and watercolor on paper","","Charles Marion Russell"
"","Bottle -- decorated with red painted swastikas on white painted background Quapaw potters of the Protohistoric (Late Mississippian) era extended the ceramics technology of the lower Mississippi River Valley and continued ancestral Mississippian themes","","","1550 -- 1750 CE","9 1/4 x 7 5/8 in. (23.5 x 19.4 cm)","","Quapaw","","Ceramic Vessel","","Ceramic","",""
"","Hump Backed Human Effigy Bell Plain (highly polished) pottery type -- Bell Plain is prevalent at sites along the Mississippi River in Arkansas.  It has finely crushed shell temper, a well polished to highly polished surface, and varies in color from sh","","","1000 -- 1600 CE","7 3/4 x 6 x 7 1/8 in. (19.7 x 15.2 x 18.1 cm)","","Mississippian","","Ceramic Effigy Vessel","","Ceramic","",""
"","","","","1200 -- 1500 CE","11 1/2 x 7 3/16 in. (29.2 x 18.3 cm)","","Unknown","","Ceramic Pitcher","","Earthenware","",""
"","","","","900 -- 1200 CE","4 1/2 x 9 1/2 in. (11.4 x 24.1 cm)","","Mogollon","","Ceramic Vessel","","Ceramic","",""
"","54.7758  Ceramic Effigy Urns  Zapotec    Monte Alban, Oaxaca, Mexico  Earthenware  500 BC to AD 700    Ceramic figurines effigy effigies   Prehistoric      Mesoamerican  Mexico Mexican sculpture  Ritual Ceremonial   Art  Precolumbian Pre-columbian  art m","","","500 BCE -- 700 CE","8 1/2 x 6 13/16 in. (21.6 x 17.3 cm)","","Zapotec","","Ceramic Effigy Urn","","Earthenware","",""
"","54.7767  Human Effigy Rattles  Maya  Ignacio Bernal #1400    Clay  AD 300 to 900       Mesoamerican  Mexico  Mexican Ritual Ceremonial effigys effigies Mayan sculpture  Art  Prehistoric     Precolumbian Pre-columbian  art mexican pre-columbian precolumb","","","300 -- 900 CE","2 x 4 13/16 x 8 in. (5.1 x 12.3 x 20.3 cm)","","Maya","","Human Effigy Rattle","","Clay","",""
"","61.902  Bannerstones  Archaic    Christian County, KY  chalcedony  Archaic:  6000 BC - 1000 BC      Prehistoric    Banner Stones   Native American Indian  indians    Objects Closed Storage","","","6000 -- 1000 BCE","1 x 3 1/4 x 4 7/16 in. (2.5 x 8.3 x 11.2 cm)","","Archaic","","Bannerstone","","Chalcedony","",""
"","61.1007  Grooved Axes  Woodland      stone  Woodland Period -- 1000 BC - AD 700      Prehistoric      Native American Indian   Tools  Implements Eastern Woodlands stone Stone Tools  indians Michigan barb barbed    Objects Drawer 21","","","1000 BCE -- 700 CE","4 3/16 x 1 11/16 x 8 3/4 in. (10.6 x 4.2 x 22.2 cm)","","Woodland","","Grooved Axe","","Stone","",""
"","61.1147  Bird Stones  Archaic  Circular tag outlined in red: ""5   129""  Noble County,  Ind  stone -- Porphyry  Archaic Period (8000 to 1000 BC)      Eastern Woodlands   Jewelry  Adornment Implements Ritual Ceremonial Religious Religion Ceremony   Native","","","8000 -- 1000 BCE","1 15/16 x 1 13/16 x 4 5/16 in. (4.9 x 4.6 x 11 cm)","","Archaic","","Bird Stone","","Porphyry","",""
"","61.7095  Projectile Point (Clovis)s  Paleoindian    Madison County, Illinois  Chert  Late Paleolithic (10000 to 12000 BC)    Arrowheads Projectile Points   Prehistoric   Weapons  Darts  Native American Indian  indians arrow heads  arrowhead head    Objec","","","12000 -- 10000 BCE","3/8 x 1 5/16 x 3 3/4 in. (0.9 x 3.4 x 9.5 cm)","","Paleoindian","","Projectile Point (Clovis)","","Chert","",""
"","61.7176  Projectile Point (Folsom)s      Jersey County, IL  stone  Late Paleolithic -- Early Archaic:  10,000 BC -- 7,000 BC    Arrowheads Projectile Points   Prehistoric   Weapons  Darts  Native American Indian  indians arrow heads  arrowhead head    Ob","","","10000 -- 7000 BCE","1/4 x 1 1/4 x 2 7/16 in. (0.7 x 3.2 x 6.1 cm)","","Unknown","","Projectile Point (Folsom)","","Stone","",""
"","61.16989  Projectile Point (Smith)s    S-265  Lincoln County, Missouri   stone  Middle -- Late Archaic:  5,000 -- 1,000 BC    Arrowheads Projectile Points   Prehistoric   Weapons  Darts  Native American Indian  indians arrow heads  arrowhead head    Obje","","","5000 -- 1000 BCE","9/16 x 2 3/16 x 5 1/4 in. (1.4 x 5.5 x 13.4 cm)","","Archaic","","Projectile Point (Smith)","","Stone","",""
"","61.18541  Projectile Point (Fulton Turkey Tail)s  Woodland      stone  Late Archaic - Early Woodland:  2500 BC -- 200 BC    Arrowheads Projectile Points   Prehistoric   Weapons  Darts  Native American Indian  indians arrow heads  arrowhead head    Object","","","2500 BCE -- 200 CE","3/16 x 1 13/16 x 4 7/16 in. (0.5 x 4.6 x 11.3 cm)","","Woodland","","Projectile Point (Fulton Turkey Tail)","","Stone","",""
"","61.91657  Projectile Point (Snyders)s  Woodland  S-3039    stone  Early to Late Woodland:  1,000 BC -- AD 1000    Arrowheads Projectile Points   Prehistoric   Weapons  Darts  Native American Indian  indians arrow heads  arrowhead head    Objects Drawer 1","","","1000 BCE -- 1000 CE","7/16 x 2 7/16 x 2 3/16 in. (1.1 x 6.2 x 5.5 cm)","","Woodland","","Projectile Point (Snyders)","","Stone","",""
"","71.20  Cornhusk Bags  Nez Perce  G-2082    corn husk, yarn, leather  19th Century      Late 19th Century  Late 1800s    Native American Indians Corn Husk Bag Bags  Art  sally    Objects Drawer 3N  Plateau","","","1800s","15 1/8 x 20 9/16 in. (38.5 x 52.2 cm)","","Nez Perce","","Cornhusk Bag","","Corn Husk, Yarn, Leather","",""
"","83.1184  Ivory Effigy Pipes  Aleut  Frank Engles Collection. #1167.  Kodiak Island, AK.   Ivory  19th Century      Native American Indians  Ritual Ceremonial Arctic  Eskimo Alaska tobacco ritual ceremonial  tobacco whale whales     Objects Enduring Spiri","","","1800s","2 1/2 x 1 3/8 x 16 in. (6.4 x 3.4 x 40.6 cm)","","Aleut","","Ivory Effigy Pipe","","Ivory","",""
"","84.304  Moccasinss  Sioux  G-648 & 114    Leather, glass beads, metal, feathers, cotton string.    ca. 1890-1900      Early 20th Century  Early 1900s    Native American Indians  Beadwork Beads Beaded bead work   Clothing  Apparel Clothes  Footwear Shoes","","","ca. 1890-1900","3 13/16 in. (9.7 cm)","","Lakota (Sioux)","","Moccasins","","Leather, Glass Beads, Metal, Feathers, Cotton String","",""
"","84.613  Beaded Bags  Crow  Emil Lender's Collection G-1655    Leather, glass beads  19th Century      Native American Indians  Beadwork Beads Beaded bead work Saddle Possible Tipi Tepee Teepee    Objects Drawer 3B  Plains","","","1800s","21 x 14 in. (53.3 x 35.6 cm)","","Crow","","Beaded Bag","","Leather, Glass Beads","",""
"","84.1718  Shoulder Bags  Chippewa      Glass beads, cotton, velvet, yarn, cotton string.   Early 20th Century    Bandolier Bags   Early 20th Century  Early 1900s    Native American Indians  Beadwork Beads Beaded bead work  Ojibwa Ojibway Ojibwe   Objects","","","Early 1900s","14 1/2 x 43 in. (36.8 x 109.2 cm)","","Chippewa","","Shoulder Bag","","Glass Beads, Cotton, Velvet, Yarn, Cotton String","",""
"","84.1795  Girl's Dresss  Lakota Sioux      deer skin, beads, mescal seeds, porcupine quill  ca. 1870      Clothing  Apparel Clothes  Beadwork Beads Beaded bead work   Native American Indians   Late 19th Century  Late 1800s   Great Plains  child's children","","","ca. 1870","37 x 42 in. (94 x 106.7 cm)","","Lakota (Sioux)","","Girl's Dress","","Deer Skin, Beads, Mescal Seeds, Porcupine Quill","",""
"","84.2683  Kachinas  Zuni  John R. Wilson Collection.     Wood, pigment, wool, cotton string, feathers, metal bells.   Early 20th Century      Early 20th Century  Early 1900s  Native American Indians  Ritual Ceremonial dolls katsina kechina cachina ketsina","","","Early 1900s","2 3/8 x 2 11/16 x 7 in. (6 x 6.8 x 17.8 cm)","","Zuni","","Kachina","","Wood, Pigment, Wool, Cotton String, Feathers, Metal Bells","",""
"","89.100  Parfleches  Cheyenne      Leather, pigment  19th Century    Late 19th Century  Late 1800s    Native American Indians  Art    Objects Drawer 7K  Plains","","","1800s","17 1/2 x 29 3/4 in. (44.5 x 75.6 cm)","","Cheyenne","","Parfleche","","Leather, Pigment","",""
"","90.453  Gorgets  Mississippian    Tennessee  whelk shell, pigment  AD 700 - 1500, Mississippian Period      Native American Indian   Prehistoric      Jewelry  Adornment  Eastern Woodlands  Ceremonial, Prestige, Ritual Moundbuilders Art, Ceremony, snake,","","","700 -- 1500 CE","3/16 x 3 5/16 in. (0.5 x 8.5 cm)","","Mississippian","","Gorget","","Whelk Shell, Pigment","",""
"","93.58  Dolls  Inuit  Frank Engles Collection. #1279.  Alaska  Seal gut, wood, fur, fish skin, cotton, cotton string.   Early 20th Century      Native American Indians  Stroud Cloth Strouding Eskimo Alaska Toys    Objects Drawer 25C  Arctic","","","Early 1900s","1 1/2 x 4 x 8 3/4 in. (3.8 x 10.2 x 22.2 cm)","","Inuit","","Doll","","Seal Gut, Wood, Fur, Fish Skin, Cotton, Cotton String","",""
